{
  "images" : [
    {
      "display-gamut" : "sRGB",
      "filename" : "DALL·E 2024-03-12 00.14.59 - Create an image suitable for a Dog Adoption App entrance page, showcasing a friendly, cartoonish human character with a big smile, alongside a cheerfu.jpeg",
      "idiom" : "universal",
      "platform" : "ios",
      "size" : "1024x1024"
    },
    {
      "display-gamut" : "display-P3",
      "filename" : "DALL·E 2024-03-12 00.14.59 - Create an image suitable for a Dog Adoption App entrance page, showcasing a friendly, cartoonish human character with a big smile, alongside a cheerfu 1.jpeg",
      "idiom" : "universal",
      "platform" : "ios",
      "size" : "1024x1024"
    }
  ],
  "info" : {
    "author" : "xcode",
    "version" : 1
  }
}
