{
  "images" : [
    {
      "filename" : "DALL·E 2024-03-12 00.14.59 - Create an image suitable for a Dog Adoption App entrance page, showcasing a friendly, cartoonish human character with a big smile, alongside a cheerfu 2.jpeg",
      "idiom" : "universal",
      "scale" : "1x"
    },
    {
      "filename" : "DALL·E 2024-03-12 00.14.59 - Create an image suitable for a Dog Adoption App entrance page, showcasing a friendly, cartoonish human character with a big smile, alongside a cheerfu 3.jpeg",
      "idiom" : "universal",
      "scale" : "2x"
    },
    {
      "filename" : "DALL·E 2024-03-12 00.14.59 - Create an image suitable for a Dog Adoption App entrance page, showcasing a friendly, cartoonish human character with a big smile, alongside a cheerfu 4.jpeg",
      "idiom" : "universal",
      "scale" : "3x"
    }
  ],
  "info" : {
    "author" : "xcode",
    "version" : 1
  }
}
